,US,Canada,Mexico
US,-,0.093678307,2.65E-07
Canada,0.003986608,-,1.19E-11
Mexico,0.035243651,0.038192519,-
