,US,Canada,Mexico
US,-,0.2353579,0.231940787
Canada,0.051997192,-,0.08727648
Mexico,0.176095006,0.178709435,-
